{
  "benchmark": "ordering-search-13-empties-stage8-vs-stage9",
  "configuration": {
    "seeds": [
      31,
      32,
      33,
      34
    ],
    "maxDepth": 4,
    "exactEndgameEmpties": 16
  },
  "stage8": {
    "meanNodes": 17788.75,
    "meanMs": 1510.5998799999998,
    "meanOrderingEvalCalls": 13.5
  },
  "stage9": {
    "meanNodes": 17302.25,
    "meanMs": 1414.4512302500004,
    "meanOrderingEvalCalls": 13.5
  },
  "rows": [
    {
      "seed": 31,
      "stage8Nodes": 6805,
      "stage8Ms": 713.4593520000001,
      "stage8OrderingEvalCalls": 21,
      "stage8BestMoveCoord": "D8",
      "stage8Score": 180000,
      "stage9Nodes": 6883,
      "stage9Ms": 651.4935729999997,
      "stage9OrderingEvalCalls": 21,
      "stage9BestMoveCoord": "D8",
      "stage9Score": 180000
    },
    {
      "seed": 32,
      "stage8Nodes": 25478,
      "stage8Ms": 2138.3616739999998,
      "stage8OrderingEvalCalls": 21,
      "stage8BestMoveCoord": "H3",
      "stage8Score": -180000,
      "stage9Nodes": 22190,
      "stage9Ms": 1782.404896000001,
      "stage9OrderingEvalCalls": 21,
      "stage9BestMoveCoord": "H3",
      "stage9Score": -180000
    },
    {
      "seed": 33,
      "stage8Nodes": 18175,
      "stage8Ms": 1458.988273,
      "stage8OrderingEvalCalls": 6,
      "stage8BestMoveCoord": "G6",
      "stage8Score": -180000,
      "stage9Nodes": 18448,
      "stage9Ms": 1492.5393600000007,
      "stage9OrderingEvalCalls": 6,
      "stage9BestMoveCoord": "G6",
      "stage9Score": -180000
    },
    {
      "seed": 34,
      "stage8Nodes": 20697,
      "stage8Ms": 1731.5902209999995,
      "stage8OrderingEvalCalls": 6,
      "stage8BestMoveCoord": "H8",
      "stage8Score": -340000,
      "stage9Nodes": 21688,
      "stage9Ms": 1731.3670920000004,
      "stage9OrderingEvalCalls": 6,
      "stage9BestMoveCoord": "H8",
      "stage9Score": -340000
    }
  ]
}