{
  "version": 1,
  "format": "compact-v1",
  "name": "trained-phase-linear-v1",
  "phaseBuckets": [
    {
      "key": "opening-a",
      "minEmpties": 52,
      "maxEmpties": 60,
      "weights": {
        "bias": -1739.970763,
        "mobility": 253.50357,
        "potentialMobility": 486.698783,
        "corners": 244.088907,
        "cornerAccess": -1.22501,
        "cornerMoveBalance": -7.361699,
        "cornerAdjacency": 17.796626,
        "cornerOrthAdjacency": 32.902561,
        "cornerDiagonalAdjacency": 237.896852,
        "frontier": 273.873192,
        "positional": 383.281001,
        "edgePattern": 883.572215,
        "cornerPattern": 3327.041732,
        "stability": -460.911093,
        "stableDiscDifferential": 137.500279,
        "discDifferential": 67.605069,
        "discDifferentialRaw": -1329.972723,
        "parity": 48.911905,
        "parityGlobal": 0,
        "parityRegion": 0
      }
    },
    {
      "key": "opening-b",
      "minEmpties": 44,
      "maxEmpties": 51,
      "weights": {
        "bias": -6970.527084,
        "mobility": 342.750349,
        "potentialMobility": 546.905066,
        "corners": 21.444108,
        "cornerAccess": 28.34277,
        "cornerMoveBalance": -2140.140015,
        "cornerAdjacency": 34.996655,
        "cornerOrthAdjacency": 127.39043,
        "cornerDiagonalAdjacency": 239.630336,
        "frontier": 688.707998,
        "positional": 341.053585,
        "edgePattern": -1248.263101,
        "cornerPattern": 2273.279516,
        "stability": 113.340613,
        "stableDiscDifferential": 13065.188336,
        "discDifferential": 544.750823,
        "discDifferentialRaw": -3576.35819,
        "parity": 55.255791,
        "parityGlobal": 0,
        "parityRegion": 0
      }
    },
    {
      "key": "midgame-a",
      "minEmpties": 36,
      "maxEmpties": 43,
      "weights": {
        "bias": -10620.59312,
        "mobility": 386.914734,
        "potentialMobility": 473.60683,
        "corners": 197.025032,
        "cornerAccess": 34.835398,
        "cornerMoveBalance": 3770.351265,
        "cornerAdjacency": 38.122815,
        "cornerOrthAdjacency": 120.979005,
        "cornerDiagonalAdjacency": 205.519344,
        "frontier": 891.223071,
        "positional": 241.619925,
        "edgePattern": -1267.978715,
        "cornerPattern": 1131.273716,
        "stability": 86.117868,
        "stableDiscDifferential": 11368.425158,
        "discDifferential": 322.054831,
        "discDifferentialRaw": -2281.349562,
        "parity": 53.295666,
        "parityGlobal": 0,
        "parityRegion": 0
      }
    },
    {
      "key": "midgame-b",
      "minEmpties": 28,
      "maxEmpties": 35,
      "weights": {
        "bias": -9886.319403,
        "mobility": 440.324455,
        "potentialMobility": 280.93806,
        "corners": 118.912255,
        "cornerAccess": 80.214499,
        "cornerMoveBalance": 6596.880526,
        "cornerAdjacency": -0.670305,
        "cornerOrthAdjacency": 71.60991,
        "cornerDiagonalAdjacency": 90.883635,
        "frontier": 969.574147,
        "positional": 163.329483,
        "edgePattern": -661.559118,
        "cornerPattern": 922.626759,
        "stability": 87.292518,
        "stableDiscDifferential": 7320.04035,
        "discDifferential": -262.012503,
        "discDifferentialRaw": -71.453156,
        "parity": 53.256162,
        "parityGlobal": 0,
        "parityRegion": 0
      }
    },
    {
      "key": "midgame-c",
      "minEmpties": 20,
      "maxEmpties": 27,
      "weights": {
        "bias": -8253.301721,
        "mobility": 576.683718,
        "potentialMobility": -22.143095,
        "corners": 101.94498,
        "cornerAccess": 31.203645,
        "cornerMoveBalance": 9337.338511,
        "cornerAdjacency": -31.308693,
        "cornerOrthAdjacency": 54.941931,
        "cornerDiagonalAdjacency": 30.469095,
        "frontier": 821.537569,
        "positional": 89.796401,
        "edgePattern": -266.349837,
        "cornerPattern": 759.96795,
        "stability": 62.475848,
        "stableDiscDifferential": 4139.506131,
        "discDifferential": -731.568976,
        "discDifferentialRaw": 978.002909,
        "parity": 55.536395,
        "parityGlobal": 0,
        "parityRegion": 0
      }
    },
    {
      "key": "late-a",
      "minEmpties": 13,
      "maxEmpties": 19,
      "weights": {
        "bias": -6825.848836,
        "mobility": 606.374909,
        "potentialMobility": -279.864079,
        "corners": 101.594705,
        "cornerAccess": 18.311727,
        "cornerMoveBalance": 8495.171914,
        "cornerAdjacency": -16.632546,
        "cornerOrthAdjacency": 42.507997,
        "cornerDiagonalAdjacency": -9.982257,
        "frontier": 642.127863,
        "positional": 35.080366,
        "edgePattern": -135.716739,
        "cornerPattern": 662.878263,
        "stability": 13.965033,
        "stableDiscDifferential": 3425.838517,
        "discDifferential": -579.967179,
        "discDifferentialRaw": 645.114544,
        "parity": 50.653864,
        "parityGlobal": 16.607626,
        "parityRegion": 47.73836
      }
    },
    {
      "key": "late-b",
      "minEmpties": 7,
      "maxEmpties": 12,
      "weights": {
        "bias": -3999.164761,
        "mobility": 506.24405,
        "potentialMobility": -319.476161,
        "corners": 98.03629,
        "cornerAccess": 15.447669,
        "cornerMoveBalance": 7104.794629,
        "cornerAdjacency": -12.880264,
        "cornerOrthAdjacency": 42.412662,
        "cornerDiagonalAdjacency": -30.408282,
        "frontier": 455.061453,
        "positional": 5.922032,
        "edgePattern": -95.564593,
        "cornerPattern": 504.72778,
        "stability": -34.715014,
        "stableDiscDifferential": 3024.178614,
        "discDifferential": -150.766709,
        "discDifferentialRaw": 119.948168,
        "parity": 40.003793,
        "parityGlobal": 24.241676,
        "parityRegion": 83.201252
      }
    },
    {
      "key": "endgame",
      "minEmpties": 0,
      "maxEmpties": 6,
      "weights": {
        "bias": -3258.142531,
        "mobility": 195.705442,
        "potentialMobility": -146.372944,
        "corners": 71.703505,
        "cornerAccess": -92.887277,
        "cornerMoveBalance": 13007.356571,
        "cornerAdjacency": 16.942444,
        "cornerOrthAdjacency": 12.064035,
        "cornerDiagonalAdjacency": -31.405703,
        "frontier": 220.454457,
        "positional": 0.42053,
        "edgePattern": -105.94683,
        "cornerPattern": 274.726347,
        "stability": -207.201367,
        "stableDiscDifferential": 3625.402184,
        "discDifferential": 4495.427394,
        "discDifferentialRaw": -7652.907556,
        "parity": -10906.176659,
        "parityGlobal": 2176.323488,
        "parityRegion": 8825.866746
      }
    }
  ]
}